{
  "groups": {
    "groups": [
      {
        "groupId": 1,
        "title": "Group 1",
        "teams": [
          {
            "name": "???",
            "passed": false
          },
          {
            "name": "???",
            "passed": false
          },
          {
            "name": "???",
            "passed": false
          },
          {
            "name": "???",
            "passed": false
          }
        ]
      },
      {
        "groupId": 2,
        "title": "Group 2",
        "teams": [
          {
            "name": "???",
            "passed": false
          },
          {
            "name": "???",
            "passed": false
          },
          {
            "name": "???",
            "passed": false
          },
          {
            "name": "???",
            "passed": true
          }
        ]
      },
      {
        "groupId": 3,
        "title": "Group 3",
        "teams": [
          {
            "name": "???",
            "passed": false
          },
          {
            "name": "???",
            "passed": false
          },
          {
            "name": "???",
            "passed": false
          },
          {
            "name": "???",
            "passed": false
          }
        ]
      },
      {
        "groupId": 4,
        "title": "Group 4",
        "teams": [
          {
            "name": "???",
            "passed": false
          },
          {
            "name": "???",
            "passed": false
          },
          {
            "name": "???",
            "passed": false
          },
          {
            "name": "???",
            "passed": false
          }
        ]
      }
    ]
  },
  "knockouts": {
    "slots": [
      {
        "slotId": 1,
        "teamName": "???"
      },
      {
        "slotId": 2,
        "teamName": "???"
      },
      {
        "slotId": 3,
        "teamName": "???"
      },
      {
        "slotId": 4,
        "teamName": "???"
      },
      {
        "slotId": 5,
        "teamName": "???"
      },
      {
        "slotId": 6,
        "teamName": "???"
      },
      {
        "slotId": 7,
        "teamName": "???"
      },
      {
        "slotId": 8,
        "teamName": "???"
      },
      {
        "slotId": 9,
        "teamName": "???"
      },
      {
        "slotId": 10,
        "teamName": "???"
      },
      {
        "slotId": 11,
        "teamName": "???"
      },
      {
        "slotId": 12,
        "teamName": "???"
      },
      {
        "slotId": 13,
        "teamName": "???"
      },
      {
        "slotId": 14,
        "teamName": "???"
      },
      {
        "slotId": 15,
        "teamName": "???"
      }
    ]
  }
}